OIL_SAMPLE_NUMBER,PREDICTIONS
1,303.60662245984827
2,309.52232427419904
3,315.22298585016165
4,320.04156334296954
5,309.15394046783445
6,315.197044221057
7,311.92838775799794
8,308.8562823604076
9,308.58721552670136
10,319.94731676749166
11,295.0591740531265
12,301.4945834526841
13,0.4654443395081671
14,310.5997735717401
15,307.07439368181736
16,311.56859810605215
17,306.6743497664056
